<?xml version="1.0" encoding="UTF-8"?>
<!DOCTYPE fontscolors PUBLIC "-//NetBeans//DTD Editor Fonts and Colors settings 1.2//EN" "https://netbeans.apache.org/dtds/EditorFontsColors-1_2.dtd">
<fontscolors>
    <fontcolor foreColor="ffcc00cc" name="identifier"/>
    <fontcolor foreColor="ff0000cc" name="number"/>
    <fontcolor bgColor="white" foreColor="black" name="default">
        <font name="Hack" size="16" style="bold"/>
    </fontcolor>
    <fontcolor foreColor="ff009900" name="string"/>
    <fontcolor default="identifier" foreColor="ff0000cc" name="method"/>
    <fontcolor default="identifier" foreColor="ffcca000" name="field"/>
    <fontcolor foreColor="ffcca000" name="char"/>
    <fontcolor foreColor="ffcc0000" name="keyword"/>
    <fontcolor default="default" foreColor="ffcc00cc" name="entity-reference">
        <font style="bold"/>
    </fontcolor>
</fontscolors>
