<?xml version="1.0" encoding="UTF-8"?>
<!DOCTYPE editor-preferences PUBLIC "-//NetBeans//DTD Editor Preferences 1.0//EN" "http://www.netbeans.org/dtds/EditorPreferences-1_0.dtd">
<editor-preferences>
    <entry javaType="java.lang.Boolean" name="code-folding-collapse-innerclass" xml:space="preserve"><value><![CDATA[false]]></value></entry>
    <entry javaType="java.lang.Boolean" name="code-folding-collapse-javadoc" xml:space="preserve"><value><![CDATA[false]]></value></entry>
    <entry javaType="java.lang.Boolean" name="code-folding-collapse-method" xml:space="preserve"><value><![CDATA[false]]></value></entry>
    <entry javaType="java.lang.Boolean" name="enable.breadcrumbs" xml:space="preserve"><value><![CDATA[true]]></value></entry>
    <entry javaType="java.lang.Boolean" name="enable.guide.lines" xml:space="preserve"><value><![CDATA[true]]></value></entry>
    <entry javaType="java.lang.Boolean" name="enable.inline.hints" xml:space="preserve"><value><![CDATA[false]]></value></entry>
    <entry javaType="java.lang.Integer" name="indent-shift-width" xml:space="preserve"><value><![CDATA[2]]></value></entry>
    <entry javaType="java.lang.Float" name="line-height-correction" xml:space="preserve"><value><![CDATA[1.4]]></value></entry>
    <entry javaType="java.lang.Boolean" name="non-printable-characters-visible" xml:space="preserve"><value><![CDATA[false]]></value></entry>
    <entry javaType="java.lang.String" name="on-save-reformat" xml:space="preserve"><value><![CDATA[always]]></value></entry>
    <entry javaType="java.lang.String" name="on-save-remove-trailing-whitespace" xml:space="preserve"><value><![CDATA[always]]></value></entry>
    <entry javaType="java.lang.Integer" name="spaces-per-tab" xml:space="preserve"><value><![CDATA[2]]></value></entry>
    <entry javaType="java.lang.Integer" name="tab-size" xml:space="preserve"><value><![CDATA[2]]></value></entry>
    <entry javaType="java.lang.Integer" name="text-limit-width" xml:space="preserve"><value><![CDATA[90]]></value></entry>
    <entry javaType="java.lang.String" name="text-line-wrap" xml:space="preserve"><value><![CDATA[words]]></value></entry>
</editor-preferences>
